id,name,creationDate
1,Zaiste wyborny,01.01.1970
2,Konstantynopolitańczykowianeczka,01.02.1970
3,Robert Makłowicz,01.03.1970
4,Quisque hendrerit ac erat sed efficitur Etiam,01.04.1970
5,tempor,01.05.1970
6,non,01.06.1970
7,metus,01.07.1970
8,vel,01.08.1970
9,commodo,01.09.1970
10,Aenean,01.10.1970
11,eu,01.11.1970
12,varius,01.12.1970
13,urna,01.01.1971
14,vitae,01.02.1971
15,auctor,01.03.1971
16,ante,01.04.1971
17,Sed,01.05.1971
18,sit,01.06.1971
19,amet,01.07.1971
20,tellus,01.08.1971
21,at,01.09.1971
22,velit,01.10.1971
23,fringilla,01.11.1971
24,facilisis,01.12.1971
25,Donec,01.01.1972
26,quis,01.02.1972
27,commodo,01.03.1972
28,justo,01.04.1972
29,Nulla,01.05.1972
30,lobortis,01.06.1972
31,nisi,01.07.1972
32,lacinia,01.08.1972
33,ornare,01.09.1972
34,nulla,01.10.1972
35,ac,01.11.1972
36,venenatis,01.12.1972
37,ante,01.01.1973
38,Aliquam,01.02.1973
39,nibh,01.03.1973
40,ante,01.04.1973
41,vehicula,01.05.1973
42,a,01.06.1973
43,rhoncus,01.07.1973
44,eu,01.08.1973
45,malesuada,01.09.1973
46,eget,01.10.1973
47,ex,01.11.1973
48,Aliquam,01.12.1973
49,erat,01.01.1974
50,volutpat,01.02.1974
51,Nullam,01.03.1974
52,nulla,01.04.1974
53,velit,01.05.1974
54,sollicitudin,01.06.1974
55,sit,01.07.1974
56,amet,01.08.1974
57,porta,01.09.1974
58,quis,01.10.1974
59,iaculis,01.11.1974
60,eu,01.12.1974
61,justo,01.01.1975
62,Mauris,01.02.1975
63,vel,01.03.1975
64,ipsum,01.04.1975
65,non,01.05.1975
66,ipsum,01.06.1975
67,imperdiet,01.07.1975
68,efficitur,01.08.1975
69,sit,01.09.1975
70,amet,01.10.1975
71,et,01.11.1975
72,erat,01.12.1975
73,Nulla,01.01.1976
74,pretium,01.02.1976
75,gravida,01.03.1976
76,pulvinar,01.04.1976
77,Nam,01.05.1976
78,quam,01.06.1976
79,est,01.07.1976
80,molestie,01.08.1976
81,vel,01.09.1976
82,dapibus,01.10.1976
83,non,01.11.1976
84,aliquet,01.12.1976
85,et,01.01.1977
86,sapien,01.02.1977
87,Ut,01.03.1977
88,ac,01.04.1977
89,porttitor,01.05.1977
90,enim,01.06.1977
91,Fusce,01.07.1977
92,viverra,01.08.1977
93,ligula,01.09.1977
94,eu,01.10.1977
95,molestie,01.11.1977
96,egestas,01.12.1977
97,augue,01.01.1978
98,nibh,01.02.1978
99,fringilla,01.03.1978
100,lectus,01.04.1978
101,in,01.05.1978
102,vestibulum,01.06.1978
103,nulla,01.07.1978
104,purus,01.08.1978
105,ac,01.09.1978
106,odio,01.10.1978
107,,01.11.1978
108,Donec,01.12.1978
109,placerat,01.01.1979
110,ut,01.02.1979
111,tortor,01.03.1979
112,vel,01.04.1979
113,lacinia,01.05.1979
114,Vivamus,01.06.1979
115,dui,01.07.1979
116,felis,01.08.1979
117,rutrum,01.09.1979
118,vel,01.10.1979
119,maximus,01.11.1979
120,quis,01.12.1979
121,pharetra,01.01.1980
122,sit,01.02.1980
123,amet,01.03.1980
124,nisl,01.04.1980
125,Ut,01.05.1980
126,sagittis,01.06.1980
127,fringilla,01.07.1980
128,malesuada,01.08.1980
129,Duis,01.09.1980
130,consequat,01.10.1980
131,venenatis,01.11.1980
132,interdum,01.12.1980
133,Vivamus,01.01.1981
134,fringilla,01.02.1981
135,ex,01.03.1981
136,sit,01.04.1981
137,amet,01.05.1981
138,interdum,01.06.1981
139,vehicula,01.07.1981
140,mi,01.08.1981
141,dui,01.09.1981
142,finibus,01.10.1981
143,neque,01.11.1981
144,et,01.12.1981
145,facilisis,01.01.1982
146,nulla,01.02.1982
147,ligula,01.03.1982
148,facilisis,01.04.1982
149,nunc,01.05.1982
150,Etiam,01.06.1982
151,sed,01.07.1982
152,odio,01.08.1982
153,non,01.09.1982
154,orci,01.10.1982
155,scelerisque,01.11.1982
156,varius,01.12.1982
157,ut,01.01.1983
158,in,01.02.1983
159,elit,01.03.1983
160,Nulla,01.04.1983
161,mattis,01.05.1983
162,porttitor,01.06.1983
163,sodales,01.07.1983
164,Curabitur,01.08.1983
165,sed,01.09.1983
166,sapien,01.10.1983
167,non,01.11.1983
168,tellus,01.12.1983
169,porta,01.01.1984
170,lacinia,01.02.1984
171,Mauris,01.03.1984
172,viverra,01.04.1984
173,vulputate,01.05.1984
174,ante,01.06.1984
175,eget,01.07.1984
176,rutrum,01.08.1984
177,Nulla,01.09.1984
178,eu,01.10.1984
179,arcu,01.11.1984
180,sed,01.12.1984
181,augue,01.01.1985
182,consequat,01.02.1985
183,ultrices,01.03.1985
184,Orci,01.04.1985
185,varius,01.05.1985
186,natoque,01.06.1985
187,penatibus,01.07.1985
188,et,01.08.1985
189,magnis,01.09.1985
190,dis,01.10.1985
191,parturient,01.11.1985
192,montes,01.12.1985
193,nascetur,01.01.1986
194,ridiculus,01.02.1986
195,mus,01.03.1986
196,Nulla,01.04.1986
197,interdum,01.05.1986
198,suscipit,01.06.1986
199,nulla,01.07.1986
200,lacinia,01.08.1986
201,tristique,01.09.1986
202,Pellentesque,01.10.1986
203,malesuada,01.11.1986
204,varius,01.12.1986
205,libero,01.01.1987
206,eget,01.02.1987
207,placerat,01.03.1987
208,nibh,01.04.1987
209,vulputate,01.05.1987
210,id,01.06.1987
211,,01.07.1987
212,Etiam,01.08.1987
213,mauris,01.09.1987
214,lacus,01.10.1987
215,efficitur,01.11.1987
216,sed,01.12.1987
217,ligula,01.01.1988
218,non,01.02.1988
219,venenatis,01.03.1988
220,sollicitudin,01.04.1988
221,velit,01.05.1988
222,Nam,01.06.1988
223,in,01.07.1988
224,arcu,01.08.1988
225,in,01.09.1988
226,massa,01.10.1988
227,lacinia,01.11.1988
228,lacinia,01.12.1988
229,sed,01.01.1989
230,vel,01.02.1989
231,eros,01.03.1989
232,Praesent,01.04.1989
233,porttitor,01.05.1989
234,purus,01.06.1989
235,dolor,01.07.1989
236,eget,01.08.1989
237,viverra,01.09.1989
238,dui,01.10.1989
239,commodo,01.11.1989
240,non,01.12.1989
241,Mauris,01.01.1990
242,tempor,01.02.1990
243,libero,01.03.1990
244,sagittis,01.04.1990
245,suscipit,01.05.1990
246,imperdiet,01.06.1990
247,Mauris,01.07.1990
248,congue,01.08.1990
249,purus,01.09.1990
250,tellus,01.10.1990
251,at,01.11.1990
252,placerat,01.12.1990
253,ligula,01.01.1991
254,faucibus,01.02.1991
255,vel,01.03.1991
256,Donec,01.04.1991
257,massa,01.05.1991
258,ligula,01.06.1991
259,lobortis,01.07.1991
260,in,01.08.1991
261,sem,01.09.1991
262,id,01.10.1991
263,sollicitudin,01.11.1991
264,dictum,01.12.1991
265,ipsum,01.01.1992
266,Aliquam,01.02.1992
267,vel,01.03.1992
268,pellentesque,01.04.1992
269,libero,01.05.1992
270,Praesent,01.06.1992
271,sollicitudin,01.07.1992
272,sit,01.08.1992
273,amet,01.09.1992
274,purus,01.10.1992
275,sed,01.11.1992
276,venenatis,01.12.1992
277,Nunc,01.01.1993
278,eget,01.02.1993
279,quam,01.03.1993
280,viverra,01.04.1993
281,molestie,01.05.1993
282,nisl,01.06.1993
283,nec,01.07.1993
284,sodales,01.08.1993
285,purus,01.09.1993
286,Quisque,01.10.1993
287,placerat,01.11.1993
288,risus,01.12.1993
289,eu,01.01.1994
290,lacus,01.02.1994
291,tempus,01.03.1994
292,pulvinar,01.04.1994
293,Cras,01.05.1994
294,sed,01.06.1994
295,porttitor,01.07.1994
296,enim,01.08.1994
297,,01.09.1994
298,Praesent,01.10.1994
299,elit,01.11.1994
300,lacus,01.12.1994
301,tincidunt,01.01.1995
302,at,01.02.1995
303,congue,01.03.1995
304,eget,01.04.1995
305,maximus,01.05.1995
306,at,01.06.1995
307,ante,01.07.1995
308,Suspendisse,01.08.1995
309,quis,01.09.1995
310,turpis,01.10.1995
311,velit,01.11.1995
312,Fusce,01.12.1995
313,eget,01.01.1996
314,felis,01.02.1996
315,turpis,01.03.1996
316,Cras,01.04.1996
317,a,01.05.1996
318,lorem,01.06.1996
319,vel,01.07.1996
320,purus,01.08.1996
321,auctor,01.09.1996
322,feugiat,01.10.1996
323,eu,01.11.1996
324,id,01.12.1996
325,tellus,01.01.1997
326,Donec,01.02.1997
327,interdum,01.03.1997
328,vulputate,01.04.1997
329,maximus,01.05.1997
330,Vivamus,01.06.1997
331,non,01.07.1997
332,quam,01.08.1997
333,scelerisque,01.09.1997
334,rutrum,01.10.1997
335,neque,01.11.1997
336,sed,01.12.1997
337,tincidunt,01.01.1998
338,quam,01.02.1998
339,Nullam,01.03.1998
340,sagittis,01.04.1998
341,ante,01.05.1998
342,sit,01.06.1998
343,amet,01.07.1998
344,diam,01.08.1998
345,vestibulum,01.09.1998
346,nec,01.10.1998
347,ultricies,01.11.1998
348,purus,01.12.1998
349,lacinia,01.01.1999
350,Aliquam,01.02.1999
351,dictum,01.03.1999
352,vel,01.04.1999
353,turpis,01.05.1999
354,at,01.06.1999
355,pulvinar,01.07.1999
356,Nullam,01.08.1999
357,massa,01.09.1999
358,est,01.10.1999
359,cursus,01.11.1999
360,vel,01.12.1999
361,felis,01.01.2000
362,at,01.02.2000
363,imperdiet,01.03.2000
364,convallis,01.04.2000
365,lacus,01.05.2000
366,Lorem,01.06.2000
367,ipsum,01.07.2000
368,dolor,01.08.2000
369,sit,01.09.2000
370,amet,01.10.2000
371,consectetur,01.11.2000
372,adipiscing,01.12.2000
373,elit,16.01.2001
374,Maecenas,16.02.2001
375,magna,16.03.2001
376,metus,16.04.2001
377,faucibus,16.05.2001
378,vel,16.06.2001
379,purus,16.07.2001
380,quis,16.08.2001
381,blandit,16.09.2001
382,mattis,16.10.2001
383,ante,16.11.2001
384,Proin,16.12.2001
385,fermentum,16.01.2002
386,congue,16.02.2002
387,tortor,16.03.2002
388,eget,16.04.2002
389,convallis,16.05.2002
390,Maecenas,16.06.2002
391,nec,16.07.2002
392,eros,16.08.2002
393,quis,16.09.2002
394,augue,16.10.2002
395,molestie,16.11.2002
396,aliquet,16.12.2002
397,sit,16.01.2003
398,amet,16.02.2003
399,eu,16.03.2003
400,diam,16.04.2003
401,Mauris,16.05.2003
402,pulvinar,16.06.2003
403,congue,16.07.2003
404,mollis,16.08.2003
405,,16.09.2003
406,Duis,16.10.2003
407,ut,16.11.2003
408,aliquam,16.12.2003
409,leo,16.01.2004
410,Curabitur,16.02.2004
411,feugiat,16.03.2004
412,faucibus,16.04.2004
413,sodales,16.05.2004
414,Aenean,16.06.2004
415,varius,16.07.2004
416,vehicula,16.08.2004
417,nunc,16.09.2004
418,maximus,16.10.2004
419,ultrices,16.11.2004
420,nisl,16.12.2004
421,convallis,16.01.2005
422,eu,16.02.2005
423,Integer,16.03.2005
424,in,16.04.2005
425,erat,16.05.2005
426,tempus,16.06.2005
427,convallis,16.07.2005
428,lacus,16.08.2005
429,eleifend,16.09.2005
430,fermentum,16.10.2005
431,velit,16.11.2005
432,Donec,16.12.2005
433,malesuada,16.01.2006
434,blandit,16.02.2006
435,leo,16.03.2006
436,ut,16.04.2006
437,blandit,16.05.2006
438,metus,16.06.2006
439,semper,16.07.2006
440,a,16.08.2006
441,Quisque,16.09.2006
442,congue,16.10.2006
443,convallis,16.11.2006
444,lacus,16.12.2006
445,id,16.01.2007
446,pharetra,16.02.2007
447,mauris,16.03.2007
448,venenatis,16.04.2007
449,in,16.05.2007
450,Nam,16.06.2007
451,ultrices,16.07.2007
452,aliquam,16.08.2007
453,quam,16.09.2007
454,sit,16.10.2007
455,amet,16.11.2007
456,malesuada,16.12.2007
457,Quisque,16.01.2008
458,vitae,16.02.2008
459,sem,16.03.2008
460,aliquet,16.04.2008
461,dictum,16.05.2008
462,dui,16.06.2008
463,sit,16.07.2008
464,amet,16.08.2008
465,varius,16.09.2008
466,urna,16.10.2008
467,Donec,16.11.2008
468,pharetra,16.12.2008
469,massa,16.01.2009
470,sed,16.02.2009
471,finibus,16.03.2009
472,vehicula,16.04.2009
473,Duis,16.05.2009
474,faucibus,16.06.2009
475,rhoncus,16.07.2009
476,neque,16.08.2009
477,nec,16.09.2009
478,laoreet,16.10.2009
479,Pellentesque,16.11.2009
480,habitant,16.12.2009
481,morbi,16.01.2010
482,tristique,16.02.2010
483,senectus,16.03.2010
484,et,16.04.2010
485,netus,16.05.2010
486,et,16.06.2010
487,malesuada,16.07.2010
488,fames,16.08.2010
489,ac,16.09.2010
490,turpis,16.10.2010
491,egestas,16.11.2010
492,Duis,16.12.2010
493,vulputate,16.01.2011
494,lectus,16.02.2011
495,felis,16.03.2011
496,ac,16.04.2011
497,rutrum,16.05.2011
498,lectus,16.06.2011
499,consectetur,16.07.2011
500,a,16.08.2011
501,Nunc,16.09.2011
502,tristique,16.10.2011
503,ornare,16.11.2011
504,turpis,16.12.2011
505,a,16.01.2012
506,placerat,16.02.2012
507,Ut,16.03.2012
508,nec,16.04.2012
509,odio,16.05.2012
510,vel,16.06.2012
511,quam,16.07.2012
512,lobortis,16.08.2012
513,ullamcorper,16.09.2012
514,at,16.10.2012
515,at,16.11.2012
516,libero,16.12.2012
517,Sed,16.01.2013
518,nunc,16.02.2013
519,quam,16.03.2013
520,sagittis,16.04.2013
521,eget,16.05.2013
522,elit,16.06.2013
523,non,16.07.2013
524,maximus,16.08.2013
525,fermentum,16.09.2013
526,orci,16.10.2013
527,,16.11.2013
528,In,16.12.2013
529,sodales,16.01.2014
530,mattis,16.02.2014
531,fermentum,16.03.2014
532,Sed,16.04.2014
533,porta,16.05.2014
534,massa,16.06.2014
535,ut,16.07.2014
536,mi,16.08.2014
537,hendrerit,16.09.2014
538,pellentesque,16.10.2014
539,Cras,16.11.2014
540,libero,16.12.2014
541,magna,16.01.2015
542,fringilla,16.02.2015
543,mattis,16.03.2015
544,elementum,16.04.2015
545,at,16.05.2015
546,vehicula,16.06.2015
547,at,16.07.2015
548,nibh,16.08.2015
549,Praesent,16.09.2015
550,iaculis,16.10.2015
551,tellus,16.11.2015
552,in,16.12.2015
553,nisl,16.01.2016
554,maximus,16.02.2016
555,lobortis,16.03.2016
556,Ut,16.04.2016
557,aliquam,16.05.2016
558,elit,16.06.2016
559,quis,16.07.2016
560,congue,16.08.2016
561,hendrerit,16.09.2016
562,ipsum,16.10.2016
563,quam,16.11.2016
564,lacinia,16.12.2016
565,justo,16.01.2017
566,vel,16.02.2017
567,scelerisque,16.03.2017
568,metus,16.04.2017
569,tellus,16.05.2017
570,non,16.06.2017
571,dolor,16.07.2017
572,Cras,16.08.2017
573,lacus,16.09.2017
574,urna,16.10.2017
575,vestibulum,16.11.2017
576,ac,16.12.2017
577,massa,16.01.2018
578,in,16.02.2018
579,vulputate,16.03.2018
580,efficitur,16.04.2018
581,ex,16.05.2018
582,Suspendisse,16.06.2018
583,sagittis,16.07.2018
584,turpis,16.08.2018
585,a,16.09.2018
586,lobortis,16.10.2018
587,pretium,16.11.2018
588,Etiam,16.12.2018
589,vitae,16.01.2019
590,mi,16.02.2019
591,non,16.03.2019
592,leo,16.04.2019
593,aliquet,16.05.2019
594,pretium,16.06.2019
595,eu,16.07.2019
596,quis,16.08.2019
597,felis,16.09.2019
598,Fusce,16.10.2019
599,nec,16.11.2019
600,lorem,16.12.2019
601,a,16.01.2020
602,leo,16.02.2020
603,consequat,16.03.2020
604,tempus,16.04.2020
605,at,16.05.2020
606,non,16.06.2020
607,ipsum,16.07.2020
608,Maecenas,16.08.2020
609,maximus,16.09.2020
610,mi,16.10.2020
611,id,16.11.2020
612,mattis,16.12.2020
613,commodo,16.01.2021
614,diam,16.02.2021
615,ligula,16.03.2021
616,molestie,16.04.2021
617,ipsum,16.05.2021
618,at,16.06.2021
619,aliquet,16.07.2021
620,nulla,16.08.2021
621,orci,16.09.2021
622,sed,16.10.2021
623,orci,16.11.2021
624,Praesent,16.12.2021
625,pharetra,16.01.2022
626,neque,16.02.2022
627,porttitor,16.03.2022
628,diam,16.04.2022
629,consectetur,16.05.2022
630,non,16.06.2022
631,malesuada,16.07.2022
632,sapien,16.08.2022
633,scelerisque,16.09.2022
634,Aliquam,16.10.2022
635,ultricies,16.11.2022
636,vulputate,16.12.2022
637,tempus,16.01.2023
638,Aenean,16.02.2023
639,a,16.03.2023
640,leo,16.04.2023
641,vel,16.05.2023
642,purus,16.06.2023
643,fringilla,16.07.2023
644,faucibus,16.08.2023
645,at,16.09.2023
646,in,16.10.2023
647,eros,16.11.2023
648,,16.12.2023
649,Aenean,16.01.2024
650,et,16.02.2024
651,lacus,16.03.2024
652,risus,16.04.2024
653,Quisque,16.05.2024
654,ac,16.06.2024
655,leo,16.07.2024
656,sed,16.08.2024
657,diam,16.09.2024
658,efficitur,16.10.2024
659,porta,16.11.2024
660,Maecenas,16.12.2024
661,sagittis,16.01.2025
662,elit,16.02.2025
663,at,16.03.2025
664,pulvinar,16.04.2025
665,facilisis,16.05.2025
666,Integer,16.06.2025
667,scelerisque,16.07.2025
668,varius,16.08.2025
669,tincidunt,16.09.2025
670,Mauris,16.10.2025
671,sit,16.11.2025
672,amet,16.12.2025
673,viverra,16.01.2026
674,dolor,16.02.2026
675,et,16.03.2026
676,auctor,16.04.2026
677,magna,16.05.2026
678,Donec,16.06.2026
679,sodales,16.07.2026
680,tellus,16.08.2026
681,vel,16.09.2026
682,tincidunt,16.10.2026
683,semper,16.11.2026
684,Morbi,16.12.2026
685,sapien,16.01.2027
686,metus,16.02.2027
687,molestie,16.03.2027
688,vitae,16.04.2027
689,porta,16.05.2027
690,eget,16.06.2027
691,elementum,16.07.2027
692,id,16.08.2027
693,risus,16.09.2027
694,Curabitur,16.10.2027
695,nec,16.11.2027
696,cursus,16.12.2027
697,lectus,16.01.2028
698,Maecenas,16.02.2028
699,imperdiet,16.03.2028
700,ex,16.04.2028
701,ac,16.05.2028
702,molestie,16.06.2028
703,aliquam,16.07.2028
704,Praesent,16.08.2028
705,at,16.09.2028
706,volutpat,16.10.2028
707,tellus,16.11.2028
708,Maecenas,16.12.2028
709,maximus,16.01.2029
710,magna,16.02.2029
711,neque,16.03.2029
712,Maecenas,16.04.2029
713,condimentum,16.05.2029
714,nisi,16.06.2029
715,a,16.07.2029
716,accumsan,16.08.2029
717,ultrices,16.09.2029
718,Suspendisse,16.10.2029
719,dictum,16.11.2029
720,sagittis,16.12.2029
721,porta,16.01.2030
722,Vivamus,16.02.2030
723,ac,16.03.2030
724,mattis,16.04.2030
725,metus,16.05.2030
726,,16.06.2030
727,Donec,16.07.2030
728,euismod,16.08.2030
729,urna,16.09.2030
730,id,16.10.2030
731,dictum,16.11.2030
732,ullamcorper,16.12.2030
733,Aenean,16.01.2031
734,quis,16.02.2031
735,odio,16.03.2031
736,ut,16.04.2031
737,lectus,16.05.2031
738,varius,16.06.2031
739,gravida,16.07.2031
740,Maecenas,16.08.2031
741,a,16.09.2031
742,cursus,16.10.2031
743,tellus,16.11.2031
744,non,16.12.2031
745,malesuada,16.01.2032
746,ex,16.02.2032
747,Maecenas,16.03.2032
748,ullamcorper,16.04.2032
749,nibh,16.05.2032
750,ut,16.06.2032
751,massa,16.07.2032
752,molestie,16.08.2032
753,sodales,16.09.2032
754,Quisque,16.10.2032
755,at,16.11.2032
756,augue,16.12.2032
757,at,16.01.2033
758,elit,16.02.2033
759,tincidunt,16.03.2033
760,commodo,16.04.2033
761,sit,16.05.2033
762,amet,16.06.2033
763,a,16.07.2033
764,metus,16.08.2033
765,Sed,16.09.2033
766,lacinia,16.10.2033
767,mauris,16.11.2033
768,at,16.12.2033
769,quam,16.01.2034
770,iaculis,16.02.2034
771,tempor,16.03.2034
772,Suspendisse,16.04.2034
773,eleifend,16.05.2034
774,nunc,16.06.2034
775,eget,16.07.2034
776,diam,16.08.2034
777,scelerisque,16.09.2034
778,consequat,16.10.2034
779,Praesent,16.11.2034
780,venenatis,16.12.2034
781,malesuada,16.01.2035
782,ante,16.02.2035
783,Donec,16.03.2035
784,tempus,16.04.2035
785,lorem,16.05.2035
786,vitae,16.06.2035
787,ultrices,16.07.2035
788,ullamcorper,16.08.2035
789,Integer,16.09.2035
790,egestas,16.10.2035
791,in,16.11.2035
792,augue,16.12.2035
793,id,16.01.2036
794,eleifend,16.02.2036
795,Suspendisse,16.03.2036
796,at,16.04.2036
797,ultrices,16.05.2036
798,eros,16.06.2036
799,quis,16.07.2036
800,venenatis,16.08.2036
801,magna,16.09.2036
802,Pellentesque,16.10.2036
803,habitant,16.11.2036
804,morbi,16.12.2036
805,tristique,16.01.2037
806,senectus,16.02.2037
807,et,16.03.2037
808,netus,16.04.2037
809,et,16.05.2037
810,malesuada,16.06.2037
811,fames,16.07.2037
812,ac,16.08.2037
813,turpis,16.09.2037
814,egestas,16.10.2037
815,Mauris,16.11.2037
816,at,16.12.2037
817,erat,16.01.2038
818,efficitur,16.02.2038
819,tristique,16.03.2038
820,ex,16.04.2038
821,sed,16.05.2038
822,tristique,16.06.2038
823,ipsum,16.07.2038
824,Quisque,16.08.2038
825,ullamcorper,16.09.2038
826,gravida,16.10.2038
827,turpis,16.11.2038
828,nec,16.12.2038
829,finibus,16.01.2039
830,urna,16.02.2039
831,porttitor,16.03.2039
832,sit,16.04.2039
833,amet,16.05.2039
834,Integer,16.06.2039
835,id,16.07.2039
836,egestas,16.08.2039
837,justo,16.09.2039
838,,16.10.2039
839,Duis,16.11.2039
840,molestie,16.12.2039
841,nulla,16.01.2040
842,in,16.02.2040
843,efficitur,16.03.2040
844,vestibulum,16.04.2040
845,Fusce,16.05.2040
846,tristique,16.06.2040
847,tristique,16.07.2040
848,eros,16.08.2040
849,Cras,16.09.2040
850,tempor,16.10.2040
851,laoreet,16.11.2040
852,purus,16.12.2040
853,sed,16.01.2041
854,pharetra,16.02.2041
855,Curabitur,16.03.2041
856,rutrum,16.04.2041
857,turpis,16.05.2041
858,sit,16.06.2041
859,amet,16.07.2041
860,justo,16.08.2041
861,ornare,16.09.2041
862,ullamcorper,16.10.2041
863,Fusce,16.11.2041
864,sagittis,16.12.2041
865,molestie,16.01.2042
866,odio,16.02.2042
867,sed,16.03.2042
868,rutrum,16.04.2042
869,metus,16.05.2042
870,condimentum,16.06.2042
871,vitae,16.07.2042
872,Curabitur,16.08.2042
873,suscipit,16.09.2042
874,pharetra,16.10.2042
875,laoreet,16.11.2042
876,Sed,16.12.2042
877,laoreet,16.01.2043
878,leo,16.02.2043
879,at,16.03.2043
880,iaculis,16.04.2043
881,tempor,16.05.2043
882,erat,16.06.2043
883,nibh,16.07.2043
884,congue,16.08.2043
885,lacus,16.09.2043
886,vitae,16.10.2043
887,convallis,16.11.2043
888,urna,16.12.2043
889,diam,16.01.2044
890,ac,16.02.2044
891,nulla,16.03.2044
892,Vestibulum,16.04.2044
893,lacinia,16.05.2044
894,viverra,16.06.2044
895,ex,16.07.2044
896,vel,16.08.2044
897,luctus,16.09.2044
898,lacus,16.10.2044
899,congue,16.11.2044
900,nec,16.12.2044
901,Cras,16.01.2045
902,elementum,16.02.2045
903,varius,16.03.2045
904,mi,16.04.2045
905,et,16.05.2045
906,volutpat,16.06.2045
907,Aenean,16.07.2045
908,non,16.08.2045
909,eros,16.09.2045
910,neque,16.10.2045
911,Etiam,16.11.2045
912,dictum,16.12.2045
913,eleifend,16.01.2046
914,lacus,16.02.2046
915,vel,16.03.2046
916,tincidunt,16.04.2046
917,Proin,16.05.2046
918,efficitur,16.06.2046
919,at,16.07.2046
920,metus,16.08.2046
921,in,16.09.2046
922,pellentesque,16.10.2046
923,,16.11.2046
924,Nulla,16.12.2046
925,sem,16.01.2047
926,quam,16.02.2047
927,congue,16.03.2047
928,non,16.04.2047
929,magna,16.05.2047
930,vitae,16.06.2047
931,suscipit,16.07.2047
932,vulputate,16.08.2047
933,urna,16.09.2047
934,Aenean,16.10.2047
935,at,16.11.2047
936,rhoncus,16.12.2047
937,arcu,16.01.2048
938,a,16.02.2048
939,fringilla,16.03.2048
940,justo,16.04.2048
941,Proin,16.05.2048
942,at,16.06.2048
943,sagittis,16.07.2048
944,dolor,16.08.2048
945,ac,16.09.2048
946,eleifend,16.10.2048
947,metus,16.11.2048
948,In,16.12.2048
949,egestas,16.01.2049
950,commodo,16.02.2049
951,leo,16.03.2049
952,eget,16.04.2049
953,fringilla,16.05.2049
954,mi,16.06.2049
955,laoreet,16.07.2049
956,nec,16.08.2049
957,Praesent,16.09.2049
958,eget,16.10.2049
959,nulla,16.11.2049
960,lacus,16.12.2049
961,Donec,16.01.2050
962,maximus,16.02.2050
963,ante,16.03.2050
964,id,16.04.2050
965,lectus,16.05.2050
966,sodales,16.06.2050
967,hendrerit,16.07.2050
968,quis,16.08.2050
969,nec,16.09.2050
970,nunc,16.10.2050
971,Donec,16.11.2050
972,egestas,16.12.2050
973,enim,16.01.2051
974,sed,16.02.2051
975,varius,16.03.2051
976,lobortis,16.04.2051
977,Maecenas,16.05.2051
978,lobortis,16.06.2051
979,leo,16.07.2051
980,vitae,16.08.2051
981,orci,16.09.2051
982,tincidunt,16.10.2051
983,at,16.11.2051
984,malesuada,16.12.2051
985,mauris,16.01.2052
986,pretium,16.02.2052
987,Lorem,16.03.2052
988,ipsum,16.04.2052
989,dolor,16.05.2052
990,sit,16.06.2052
991,amet,16.07.2052
992,consectetur,16.08.2052
993,adipiscing,16.09.2052
994,elit,16.10.2052
995,Quisque,16.11.2052
996,leo,16.12.2052
997,massa,16.01.2053
998,vulputate,16.02.2053
999,ac,16.03.2053
1000,leo,16.04.2053
1001,a,16.05.2053
1002,egestas,16.06.2053
1003,convallis,16.07.2053
1004,ipsum,16.08.2053
1005,In,16.09.2053
1006,congue,16.10.2053
1007,ac,16.11.2053
1008,justo,16.12.2053
1009,quis,16.01.2054
1010,aliquam,16.02.2054
1011,Suspendisse,16.03.2054
1012,vestibulum,16.04.2054
1013,ligula,16.05.2054
1014,id,16.06.2054
1015,purus,16.07.2054
1016,tincidunt,16.08.2054
1017,ut,16.09.2054
1018,ornare,16.10.2054
1019,diam,16.11.2054
1020,lacinia,16.12.2054
1021,Praesent,16.01.2055
1022,sed,16.02.2055
1023,quam,16.03.2055
1024,elementum,16.04.2055
1025,venenatis,16.05.2055
1026,eros,16.06.2055
1027,eget,16.07.2055
1028,cursus,16.08.2055
1029,quam,16.09.2055
1030,Suspendisse,16.10.2055
1031,arcu,16.11.2055
1032,risus,16.12.2055
1033,pellentesque,16.01.2056
1034,eu,16.02.2056
1035,auctor,16.03.2056
1036,at,16.04.2056
1037,volutpat,16.05.2056
1038,nec,16.06.2056
1039,mi,16.07.2056
1040,Nam,16.08.2056
1041,ornare,16.09.2056
1042,ante,16.10.2056
1043,in,16.11.2056
1044,metus,16.12.2056
1045,tincidunt,16.01.2057
1046,sit,16.02.2057
1047,amet,16.03.2057
1048,mattis,16.04.2057
1049,lacus,16.05.2057
1050,bibendum,16.06.2057
1051,,16.07.2057
1052,Aliquam,16.08.2057
1053,velit,16.09.2057
1054,mi,16.10.2057
1055,lacinia,16.11.2057
1056,in,16.12.2057
1057,urna,16.01.2058
1058,eu,16.02.2058
1059,pellentesque,16.03.2058
1060,scelerisque,16.04.2058
1061,magna,16.05.2058
1062,Maecenas,16.06.2058
1063,nec,16.07.2058
1064,libero,16.08.2058
1065,eget,16.09.2058
1066,tortor,16.10.2058
1067,tincidunt,16.11.2058
1068,malesuada,16.12.2058
1069,Pellentesque,16.01.2059
1070,quis,16.02.2059
1071,aliquam,16.03.2059
1072,purus,16.04.2059
1073,et,16.05.2059
1074,cursus,16.06.2059
1075,massa,16.07.2059
1076,Orci,16.08.2059
1077,varius,16.09.2059
1078,natoque,16.10.2059
1079,penatibus,16.11.2059
1080,et,16.12.2059
1081,magnis,16.01.2060
1082,dis,16.02.2060
1083,parturient,16.03.2060
1084,montes,16.04.2060
1085,nascetur,16.05.2060
1086,ridiculus,16.06.2060
1087,mus,16.07.2060
1088,Phasellus,16.08.2060
1089,ornare,16.09.2060
1090,elit,16.10.2060
1091,arcu,16.11.2060
1092,eget,16.12.2060
1093,condimentum,16.01.2061
1094,metus,16.02.2061
1095,venenatis,16.03.2061
1096,eget,16.04.2061
1097,Maecenas,16.05.2061
1098,in,16.06.2061
1099,diam,16.07.2061
1100,iaculis,16.08.2061
1101,imperdiet,16.09.2061
1102,ipsum,16.10.2061
1103,nec,16.11.2061
1104,tempus,16.12.2061
1105,leo,16.01.2062
1106,Morbi,16.02.2062
1107,maximus,16.03.2062
1108,pharetra,16.04.2062
1109,mollis,16.05.2062
1110,Donec,16.06.2062
1111,ac,16.07.2062
1112,rutrum,16.08.2062
1113,ipsum,16.09.2062
1114,Morbi,16.10.2062
1115,in,16.11.2062
1116,lectus,16.12.2062
1117,maximus,16.01.2063
1118,pretium,16.02.2063
1119,nulla,16.03.2063
1120,eu,16.04.2063
1121,sollicitudin,16.05.2063
1122,enim,16.06.2063
1123,Maecenas,16.07.2063
1124,sagittis,16.08.2063
1125,erat,16.09.2063
1126,vel,16.10.2063
1127,dolor,16.11.2063
1128,sollicitudin,16.12.2063
1129,hendrerit,16.01.2064
1130,Pellentesque,16.02.2064
1131,cursus,16.03.2064
1132,mollis,16.04.2064
1133,scelerisque,16.05.2064
1134,Suspendisse,16.06.2064
1135,eleifend,16.07.2064
1136,vel,16.08.2064
1137,erat,16.09.2064
1138,vitae,16.10.2064
1139,tincidunt,16.11.2064
1140,Vestibulum,16.12.2064
1141,sed,16.01.2065
1142,metus,16.02.2065
1143,turpis,16.03.2065
1144,Proin,16.04.2065
1145,elementum,16.05.2065
1146,egestas,16.06.2065
1147,sem,16.07.2065
1148,Cras,16.08.2065
1149,et,16.09.2065
1150,aliquam,16.10.2065
1151,lacus,16.11.2065
1152,Nulla,16.12.2065
1153,at,16.01.2066
1154,mi,16.02.2066
1155,id,16.03.2066
1156,nulla,16.04.2066
1157,aliquet,16.05.2066
1158,elementum,16.06.2066
1159,quis,16.07.2066
1160,vitae,16.08.2066
1161,orci,16.09.2066
1162,,16.10.2066
1163,Pellentesque,16.11.2066
1164,vel,16.12.2066
1165,laoreet,16.01.2067
1166,ipsum,16.02.2067
1167,Curabitur,16.03.2067
1168,venenatis,16.04.2067
1169,leo,16.05.2067
1170,turpis,16.06.2067
1171,ornare,16.07.2067
1172,commodo,16.08.2067
1173,diam,16.09.2067
1174,iaculis,16.10.2067
1175,ac,16.11.2067
1176,Vestibulum,16.12.2067
1177,tincidunt,16.01.2068
1178,risus,16.02.2068
1179,augue,16.03.2068
1180,sed,16.04.2068
1181,fermentum,16.05.2068
1182,leo,16.06.2068
1183,rhoncus,16.07.2068
1184,sollicitudin,16.08.2068
1185,Suspendisse,16.09.2068
1186,ultrices,16.10.2068
1187,felis,16.11.2068
1188,neque,16.12.2068
1189,Aliquam,16.01.2069
1190,finibus,16.02.2069
1191,Gatsby,16.03.2069
1192,in,16.04.2069
1193,malesuada,16.05.2069
1194,vehicula,16.06.2069
1195,Aenean,16.07.2069
1196,tincidunt,16.08.2069
1197,venenatis,16.09.2069
1198,aliquam,16.10.2069
1199,Mauris,16.11.2069
1200,vehicula,16.12.2069
